Coach,Cohort,Job Seeker,github
Alex Mak,SF - July '21,David Oh,davidoh14
Alex Mak,SF - October '21,Arleen Pandher,arleenpandher
Alex Mak,SF - March '21,Kevin Oconnor,Schploink
Alex Mak,SF - July '21,Vern Chao,vernchao91
Alex Mak,SF - March '21,Brandon Fang,brandonfang
Alex Mak,SF - July '21,Vincent Hsu,imvincenth
Alex Mak,SF - July '21,Thong La,tkla
Alex Mak,SF - July '21,Connor Germain,Onaconnapuna
Alex Mak,SF - November '20,Brandon Estano,estanob
Alex Mak,SF - July '21,Mike Le,lemikee
Alex Mak,SF - October '21,Kirtibala Harode,Kirti-Harode
Alex Mak,SF - October '21,Charlie Sheppard,charliepsheppard
Alex Mak,SF - October '21,Jing Jing Zhang,jjzhang329
Alex Mak,SF - October '21,Alex Ciminillo,alex-ciminillo
Alex Mak,SF - July '20,Juan Carlos Cattaneo Garcia,juancattaneo92
Alex Mak,SF - March '21,Dennis Yu,dennis-25
Alex Mak,SF - March '21,Jonathan Yu,JonYu87
Alex Mak,SF - October '21,Jack Tomasik,j-tomasik
Alex Mak,SF - October '21,Zakarya Alsiday,zackalsiday
Alex Mak,SF - July '21,Ian Mcgrath,IanDMcGrath
Alex Mak,SF - November '20,Samuel Dubner,IsoVoyd
Alex Mak,SF - March '21,Ibrahim Ali,ElephantTalk
Alex Mak,SF - March '21,Kevin Yunas,yunasty
Alex Mak,SF - October '21,Efrem Porter,efremporter
Alex Mak,SF - October '21,Thiago Miglioranzi Moura,ThiagoDe
Alex Mak,SF - October '21,Daniel Bai,hellodanielbai
Allie Villarreal,Online - June 28 '21,Benjamin Rose,benthere914
Allie Villarreal,Online - June 1 '21,Walker Williams,walkerwilliamsx
Allie Villarreal,Online - April '21,Pierre Guilbault,TheGuilbotine
Allie Villarreal,Online - May '21,Anthony Huynh,Khiienu
Allie Villarreal,Online - May '21,Kristian Martinez,Kristianmartinw
Allie Villarreal,Online - May '21,Daniel Pence,penced0513
Allie Villarreal,Online - November '20,Yassine Cherradi,ycherradi
Allie Villarreal,Online - June 1 '21,Peter Joh,rollingferret
Allie Villarreal,Online - December '20,Christopher Kyle,ckyle6300
Allie Villarreal,Online - December '20,Heriberto Montoya,montoya1256
Allie Villarreal,Online - January '21,James Lentzsch,scrub1737
Allie Villarreal,Online - June 1 '21,Tyler Boromeo,boromeot
Allie Villarreal,Online - January '21,Brian Xue,bxue2
Allie Villarreal,Online - April '21,Noah Medoff,NoahNim
Allie Villarreal,Online - June 28 '21,Taylor Barnabic,taylor-b-02
Allie Villarreal,Online - November '19,Elizabeth Dang,elizabethqdang
Allie Villarreal,Online - August '21,Justin Russo,justinrusso
Allie Villarreal,Online - October '20,Mustafa Mousa,mustafaomousa
Allie Villarreal,Online - January '21,Joshua Devine,JoshuaJDevine
Allie Villarreal,Online - March '21,David Mejia,David7Mejia
Allie Villarreal,Online - August '21,Depash Nepal,depash
Allie Villarreal,Online - August '21,James Roberts,JamesRR91
Allie Villarreal,Online - August '20,Jhonathan Ade,JhonathanAde
Allie Villarreal,Online - December '20,Bryan Thomas,Joemanf
Allie Villarreal,Online - September '20,Adam Jacobson,djangothesolarboy
Allie Villarreal,Online - June 28 '21,Nick Frase,nkfrs3
Allie Villarreal,Online - June 28 '21,Noah Garcia-Sharretts,NoahSharretts
Allie Villarreal,Online - June 28 '21,Joey Peterson,joeypeterson15
Allie Villarreal,Online - June 28 '21,Harrison Gerdes,HGerdes
Allie Villarreal,Online - August '21,Christopher Hauser,christopher-hauser
Allie Villarreal,Online - August '21,Andrew Jones,andyrose507
Allie Villarreal,Online - August '21,Seth Holland,LaterBlackBird
Allie Villarreal,Online - August '21,Anthony Hauck,hauck29
Allie Villarreal,Online - August '21,Kyle Huang,kvh8899
Anna Paschall,Online - May '19,Clayton Jones,ClaytonJones839
Anna Paschall,Online - July '19,Jun Xu,AbbyTunes
Anna Paschall,Online - June '19,Thomas Driscoll,tompdriscoll
Anna Paschall,Online - September '19,Asaf Mohammad,asafmohammad5
Anna Paschall,NYC - October '20,Domenico Daniel Giovinazzo,ddgiovinazzo
Anna Paschall,Online - May '19,Kilwoung Choi,paulkwchoi92
Anna Paschall,Online - June '19,Anush Saroyan,AnoushSaroyan
Anna Paschall,Online - July '19,Kaneka Chhak,kchhak
Anna Paschall,Online - July '19,Yue Hsi Cheng,AlbertgitC
Anna Paschall,Online - September '19,Seth Ullman,SethUllman
Anna Paschall,Online - September '19,Jacob Schneider,js4484
Anna Paschall,Online - September '19,Mohamed Abdelhalim,RyanGonzalezUSA
Anna Paschall,Online - September '19,Chang Ho Lee,MikaEleFant
Anna Paschall,Online - July '19,Christopher Fong,cfo8473
Anna Paschall,NYC - December '20,Christopher Mann,chrismann809
Anne-Marie Russo,SF - October '19,Guanyao Wang,guw005
Anne-Marie Russo,Online - March '21,Michael Sineath,msineath
Anne-Marie Russo,SF - October '21,Laney Luong,laneyNL
Anne-Marie Russo,SF - July '21,Jason Kim,jasonkim0105
Anne-Marie Russo,Online - May '21,Alex Monson,AmMonsoon
Anne-Marie Russo,SF - July '21,Arwen Kim,arwensookim
Anne-Marie Russo,SF - September '20,Samuel Wong,Requiem-of-Zero
Anne-Marie Russo,Online - March '21,Michael Tufo,Machaelmus
Anne-Marie Russo,SF - October '21,Harsha Bandi,ggharsha
Anne-Marie Russo,SF - July '21,Jimmy Kuang,JimmyKuangg
Anne-Marie Russo,Online - April '21,Junyeob Lee,TastySatang
Anne-Marie Russo,Online - February '21,Ethan Kaseff,ethan-kaseff
Anne-Marie Russo,Online - April '21,Maxwell Wehner,MaxwellWehner
Anne-Marie Russo,Online - June 1 '21,Arnold Cabang,heyarnold23
Anne-Marie Russo,SF - October '21,Chris Park,cpark04
Anne-Marie Russo,SF - October '21,Jerry Phan,jerryphan1
Anne-Marie Russo,SF - October '21,Brian Ko,brianko90
Anne-Marie Russo,NYC - July '20,Justin Cho,justinchore
Anne-Marie Russo,SF - June '20,Winfred Huang,winterfreddy
Anne-Marie Russo,SF - October '21,Helen Edwards,HelenEdwards
Anne-Marie Russo,SF - October '21,Perry Xie,thepshay
Anne-Marie Russo,SF - July '20,Alvin Chong,alvinc90
Anne-Marie Russo,SF - September '20,Cameron Tanjoco,HiThereImCam
Anne-Marie Russo,SF - November '20,Jonathan Diaz,KingApe714
Anne-Marie Russo,SF - November '20,Annie Xu,anyqx
Anne-Marie Russo,NYC - December '20,Ariton Sefedini,AritonS
Anne-Marie Russo,SF - July '21,Tony Zhang,tozhang665
Anne-Marie Russo,SF - March '21,Fuller Le,lefuller
Anne-Marie Russo,Online - April '21,Joe Zhang,JoeZhang229
Anne-Marie Russo,SF - October '21,Presley Reed Iii,presleyoreed3
Anne-Marie Russo,SF - October '21,Amanda Chen,amandac3600
Anne-Marie Russo,SF - October '21,Michelle Huang,michelleahuang
Charis Wanken,Online - July '21,Gregory Gomes,greg-nice
Charis Wanken,Online - August '21,Joaquin Guitart,jaguitart
Charis Wanken,Online - August '21,Brett Hageft,mothwork
Charis Wanken,Online - July '21,Chaitanya Battula,aryan151
Charis Wanken,Online - June 28 '21,Brandon Laursen,brandonlaursen
Charis Wanken,Online - June 28 '21,Jason Zhou,CroissantAhhh
Charis Wanken,Online - July '21,Jose Cantu,Vour123
Charis Wanken,Online - July '21,Cameron Tangalakis-Lippert,CamTangalakis
Charis Wanken,Online - July '21,Ashleigh Tucker,ashleighctucker
Charis Wanken,Online - July '21,Israel Romero,snakedreamz
Charis Wanken,Online - July '21,Travis Ly,lytravis
Charis Wanken,Online - July '21,Alfredo Sugawara,a-sugawara
Charis Wanken,Online - July '21,Patrick Wellman,PatrickWellman
Charis Wanken,Online - July '21,John Kim,cloudiosx
Charis Wanken,Online - July '21,Anthony Fahden,juniporous
Charis Wanken,Online - July '21,Jake Payne,Payneless
Charis Wanken,Online - July '21,Kelsey Sry,kelseysry
Charis Wanken,Online - July '21,Devin Juley,devinjuley
Charis Wanken,Online - July '21,Gavin Fitch,gavinfitch
Charis Wanken,Online - August '21,Geoffrey Cox,Geoffst3r
Cheron Freeman,NYC - August '20,Lynnq Qiu,lynnqueue
Cheron Freeman,NYC - February '21,Min Wang,minwang2022
Cheron Freeman,NYC - February '21,Jae-Wook Lim,jaewooklim1
Cheron Freeman,SF - May '19,Samuel Hecht,hechtoid
Cheron Freeman,NYC - January '20,Brian Nguyen,briannguyen4
Cheron Freeman,NYC - November '19,Stephen Dipietro,sdipietro
Cheron Freeman,NYC - June '21,Mordechai Schnall,mordes89
Cheron Freeman,NYC - October '20,Christopher Thorne,cfthorne83
Cheron Freeman,NYC - June '21,Kevin Lin,KevLin2358
Cheron Freeman,NYC - June '21,Hansaem Kim,hansaem-kim
Cheron Freeman,NYC - October '21,Brian Lin,linb1
Cheron Freeman,NYC - October '21,Andrew Vitovitch,alvitovitch
Cheron Freeman,NYC - October '21,Stephanie Soni,ashes4trees
Cheron Freeman,NYC - October '21,Mackinjosh Zumarraga,MackZumarraga
Cheron Freeman,NYC - October '21,Kyle Ginzburg,keginzburg
Cheron Freeman,NYC - October '21,Chaya Cohen,chayacohen
Cheron Freeman,NYC - October '21,Caleb Jones,calebjo
Cheron Freeman,NYC - October '21,Yisrael Peikes,ypeikes18
Cheron Freeman,NYC - October '21,Alexander Dziuba,AlexD89
Cheron Freeman,NYC - October '21,Julio Tavarez,jdtavarez
Cheron Freeman,NYC - October '21,Joshua Laikowski,ShuaLaik
Cheron Freeman,NYC - October '21,Man Yee Ng,em-ng
Cheron Freeman,NYC - October '21,Samuel Gelernter,sgelernter
Cheron Freeman,NYC - October '21,Stella Choi,stellalc7
Cheron Freeman,NYC - October '21,Joseph Manso,manjoeso
Cheron Freeman,NYC - October '21,Nicholas Barrameda,nick-barr
Connor Murphy,Online - August '21,Justin Baylock,Chloe-Baylock
Connor Murphy,Online - August '21,Alex Poberezhskiy,alex-pober
Connor Murphy,Online - June 1 '21,Gerryl Esperacion,jurrel
Connor Murphy,Online - May '21,Frema Awuku,FremaAwuku
Connor Murphy,Online - April '21,Nathaniel Bernier,Bsnernier
Connor Murphy,Online - September '21,Kenneth Dodson-Knapp,k-dodsonknapp
Connor Murphy,Online - September '21,Eduardo Verdusco,verduscos
Connor Murphy,Online - May '21,Serge Kassangana,sergeveli
Connor Murphy,Online - June 28 '21,Michael Eng,MCE-Design
Connor Murphy,Online - June 28 '21,Blair Wishom,blwishom
Connor Murphy,Online - June 28 '21,Eric Mahoney,langston7
Connor Murphy,Online - June 28 '21,Hao Chang,Changh341
Connor Murphy,Online - June 28 '21,Fanny Chan,fanny-chan
Connor Murphy,Online - June 28 '21,Hao Ming Guan,AdamHGuan
Connor Murphy,Online - August '21,Isaac Pak,isaacsungpak
Connor Murphy,Online - September '21,Karandeep Singh,jinnie96
Connor Murphy,Online - June 28 '21,Ayla Basha,spacegray
Connor Murphy,Online - September '21,Jose Aguilar-Garcia,droid97
Connor Murphy,Online - September '21,Kreston Caldwell-Mcmurrin,krestn
Connor Murphy,Online - July '21,Ethan Harwell,iethan-h
Connor Murphy,Online - July '21,Victor Hou,Thereal-victorhou
Connor Murphy,Online - July '21,Tanner Hladek,tannerhladek
Connor Murphy,Online - July '21,Rachel White,rcwhite96
Connor Murphy,Online - July '21,Omkar Mehendale,mehendaleo
Connor Murphy,Online - July '21,Suchitra Mohan,suchimohan
Connor Murphy,Online - July '21,Joseph Nackman,yosefalan
Connor Murphy,Online - September '21,Gabriel Aspuria,GabrielAspuria
Connor Murphy,Online - July '21,Ricardo Arocho,codenamerick
Connor Murphy,Online - July '21,Caroline Sarkki,Chocoloco123
Connor Murphy,Online - July '21,Sean Pan,span9692
Connor Murphy,Online - August '21,Thomas Forde,tforde4623
Connor Murphy,Online - July '21,Rob Strasser,robstrass
Connor Murphy,Online - August '21,Corbin Arcus,Corbin-Arcus
Cory Kane,Online - May '21,Sean Collier,scollier87
Cory Kane,Online - November '20,Alpesh Vyas,alpvyas
Cory Kane,Online - April '21,Conner Underhill,conneru
Cory Kane,Online - June 28 '21,Christopher Felix,thesavoyard77
Cory Kane,Online - March '21,Charles Brashear,Run5
Cory Kane,Online - June 28 '21,Anthony Seefried,goldeneye5671
Cory Kane,Online - August '20,Thomas Taylor,tjtaylorjr
Cory Kane,Online - September '20,Adam Faidy,Sisysphus
Cory Kane,Online - April '21,Brandon Simpson,Omstachu
Cory Kane,Online - May '21,Christian Brown,chrisbh4
Cory Kane,Online - June 28 '21,Valeria Reynoso Castellanos,valeriareynososf
Cory Kane,Online - November '20,Rajiv Hudek,LifeJunkieRaj
Cory Kane,Online - June 28 '21,Michael Ericson,Concrete18
Cory Kane,Online - June 28 '21,Brandon Mohan,BrandonMohan
Cory Kane,Online - January '21,Alex Rodriguez,alex-therookie
Cory Kane,Online - April '21,David Deherrera,sneakblue
Cory Kane,Online - October '20,Jonathan Wehner,jon-wehner
Cory Kane,Online - June 28 '21,Robert Kauth,Robert-Kauth
Cory Kane,Online - March '21,Hye Ri Kang,estherhrkang
Cory Kane,Online - May '20,Matthew Taylor,MatthewTaylor9758
Cory Kane,SF - July '20,Paulo Bocanegra,paulobocanegra
Cory Kane,Online - April '21,Gustavo Miranda,goosey-goose
Cory Kane,Online - March '21,Matthew Mores,MattMores
Cory Kane,Online - May '21,Jacob Weller,WellerJay118
Cory Kane,Online - August '21,Shannon Zander,sezder
Cory Kane,Online - February '21,Justin Wong,Sirpeter89
Cory Kane,Online - August '20,Daniel Pong,pongdanny
Cory Kane,Online - June 28 '21,Samuel Ortega,Alsm867
Cory Kane,Online - June 28 '21,Garrett Middleton,gmiddle
Cory Kane,Online - August '21,Eric Gartner,EricGartner47
Cory Kane,Online - August '21,Nicholas Rice,nummyrice
Cory Kane,Online - August '21,Enoch Tan,enochtan17
Cory Kane,Online - August '21,Ricky Thang,rickythewriter
Kenny Lozeau,NYC - August '21,Pierre Navarin,pierrenav13
Kenny Lozeau,NYC - August '21,Jonathan Ortiz,JortzFromSchool
Kenny Lozeau,NYC - August '21,Efren Bahena,Efren707
Kenny Lozeau,NYC - August '21,Snigdha Banda,snigdhabanda
Kenny Lozeau,NYC - October '20,Gabriel Reiter,greiter18
Kenny Lozeau,NYC - August '21,Feifei Yang,Feifeiyang5177
Kenny Lozeau,NYC - December '20,Min Kim,thedaebu
Kenny Lozeau,NYC - February '21,Collin Winner,cmwinner89
Kenny Lozeau,NYC - February '21,Joseph Sipiorski,JosefSipi
Kenny Lozeau,NYC - February '21,Jessica Uphoff,jessicaUP
Kenny Lozeau,NYC - August '21,Matteo Rossant,MRossant
Kenny Lozeau,NYC - May '20,Carlos Pena,solracdelsol
Kenny Lozeau,NYC - August '21,Hien Nguyen,meeke198
Kenny Lozeau,NYC - April '21,Justin Ernst,humormee
Kenny Lozeau,NYC - April '21,Tyler Bernstein,tsbernstein
Kenny Lozeau,NYC - April '21,Paul Kim,pauulkim
Kenny Lozeau,NYC - April '21,Christian Miguel Dela Cruz,migs-dc
Kenny Lozeau,NYC - August '21,Adesh Pawaroo,AdeshPawaroo
Kenny Lozeau,NYC - August '20,Christopher Fleming,ChristopherCFleming
Kenny Lozeau,NYC - December '20,Christine Yang,yangc95
Kenny Lozeau,NYC - December '20,Daniel Bloncourt,dblonc
Kenny Lozeau,NYC - April '21,Priyesh Shah,priyeshshah147
Kenny Lozeau,NYC - December '20,Han Chen,hankc97
Kenny Lozeau,NYC - October '20,Soobin Lim,nhsb00
Kenny Lozeau,NYC - October '20,Kaihua Zhu,kaizhu94
Kenny Lozeau,NYC - April '21,Yung Cai,yungcai
Kenny Lozeau,NYC - April '21,Chase Van Haselen,cvhcvhcvh
Lee-Anne Edwards,NYC - May '20,Miguel Fung,mjfung1
Mark Rodriguez,Online - October '20,Jung Park,Jummies
Mark Rodriguez,Online - July '19,Dave Gagnat,12Starlight
Mark Rodriguez,Online - May '20,Will Maccarty,woodsywisdom
Mark Rodriguez,Online - December '20,Steve Guttbinder,sguttbinder
Mark Rodriguez,Online - April '21,Torrell Kennedy,tkenned2020
Mark Rodriguez,Online - January '21,Zane Preudhomme,zpreudhomme
Mark Rodriguez,Online - November '20,Tommy Chen,BTCBlade
Mark Rodriguez,Online - April '21,Henry Walton,hnrywltn
Mark Rodriguez,Online - March '20,Senyo Agawu,sdkag
Mark Rodriguez,Online - April '19,Steven Terry,stkterry
Mark Rodriguez,Online - June 28 '21,Andrew Fava,Andrewcodes12
Michael LaMarche,NYC - July '20,Adel Qudsi,A-Qudsi
Michael LaMarche,NYC - August '20,Christopher Lopez,crslpz
Michael LaMarche,SF - May '21,Nicha Thongpanchang,nichathong
Michael LaMarche,NYC - August '21,Mohammed Alam,Emmay-Alam
Michael LaMarche,NYC - August '21,Alberto Young,alyoung1991
Michael LaMarche,SF - January '21,Justin Cheasty,justinnnnnnnn
Michael LaMarche,NYC - October '20,Abubokorbin Siddiki,asiddiki98
Michael LaMarche,NYC - April '21,Eric Tran,eric-tran2
Michael LaMarche,SF - January '21,Cristian Reynoso Castellanos,Cris415
Michael LaMarche,SF - December '19,Marshall Strong,marstrong
Michael LaMarche,SF - December '19,Wen Bin Cao,Steve530
Michael LaMarche,SF - June '20,Philip Tynan,tynan415
Michael LaMarche,SF - February '20,Eyal Garbi,egarbi123
Michael LaMarche,NYC - February '21,Shen Qi,ShenQi1996
Michael LaMarche,SF - April '20,Gilbert Bui,GilBu
Michael LaMarche,NYC - August '21,Victor He,VictorHeDev
Michael LaMarche,SF - May '21,Veronika Pilipenko,VPilipenko334
Michael LaMarche,NYC - August '20,Muzammil Chowdhury,Muz-98
Michael LaMarche,NYC - April '21,Ti Wei,GeniusSniper
Michael LaMarche,NYC - July '20,Brendon Biagi,Bman2386
Michael LaMarche,NYC - June '21,Julian Kang,Juka1031
Michael LaMarche,SF - March '21,Josiah Leon,ROTBOW
Michael LaMarche,SF - August '21,Mauricio Lomeli,mjlomeli
Michael LaMarche,SF - August '21,Shuang Zheng,shuangzsy
Michael LaMarche,SF - August '21,Lyhour Lay,lyhourlay1
Michael LaMarche,SF - August '21,Ying-Cheng Chiu,ms0372631
Michael LaMarche,NYC - October '21,Steven Sookhai,StevenSookhai
Michael LaMarche,NYC - October '21,Alex Wong,AlexDoes
Michael LaMarche,NYC - October '21,Anthony Carroll,tc8appdevelo
Michael LaMarche,NYC - October '21,Susan Zea,susanzea
Michelle Carothers,Online - August '21,Adam Cole,030820acc
Michelle Carothers,Online - August '21,Nicholas Rogers,NR481
Michelle Carothers,Online - March '21,James Daniel,jdaniel01
Michelle Carothers,Online - March '21,Jimson Ma,jimsonm
Michelle Carothers,Online - February '21,Sylvia Onwuana,sonwuana1
Michelle Carothers,Online - May '21,Shawn Boyle,ShawnBoyle7
Michelle Carothers,Online - April '21,Peter Mace,PeterMace
Michelle Carothers,Online - April '21,Lama El-Sherbiny,lemlooma
Michelle Carothers,Online - April '21,Sachin Mallick,sunnymallick
Michelle Carothers,Online - November '20,Brandon Forster,brandonforster822
Michelle Carothers,Online - April '21,Johnathan Yih,jyih
Michelle Carothers,Online - October '19,Alexander George,AlexanderDGeorge
Michelle Carothers,Online - March '21,Jia Cui,JanaeCui
Michelle Carothers,Online - November '20,Caleb Gilbert,CalebAmes
Michelle Carothers,Online - April '21,Phuoc Trinh,WesTrinhKL
Michelle Carothers,Online - November '20,Alberto Pezzati,alex-pezzati
Michelle Carothers,Online - January '21,Eunice Park,euniceparkk
Michelle Carothers,Online - November '20,David Ziegler,davezig
Michelle Carothers,Online - June 1 '21,John Park,gobugi
Michelle Carothers,Online - March '21,Taylor Hogan,taylorbhogan
Michelle Carothers,Online - August '20,Philip Ling,philling83
Michelle Carothers,Online - March '21,John Shivers,johnshivers3
Michelle Carothers,Online - June 28 '21,William Ziller,wziller
Michelle Carothers,Online - June 28 '21,Nebyou Ejigu,nebbb
Michelle Carothers,Online - June 28 '21,Pawan Chahal,pawan087
Michelle Carothers,Online - June 28 '21,Jarum Carr,Lee6413
Michelle Carothers,Online - August '21,Sumit Dey,Sumit-dey
Michelle Carothers,Online - July '21,Adeline Swires,ad-sw
Michelle Carothers,Online - August '21,Jared Burnett,jburnt17
Michelle Carothers,Online - August '21,Max Koerner,mkoerner570
Michelle Carothers,Online - August '21,Jacob Nicotra,JacobNicotra
Michelle Carothers,Online - June 28 '21,Nicolas Sim,NJSim
Mike Shuff,Online - February '21,Andrew Musta,enomilan
Mike Shuff,Online - April '21,Chloe Barber,chloebarber
Mike Shuff,Online - December '20,Bergan Oudshoorn,Bergan404
Mike Shuff,Online - December '20,Kevin Karas,KevinKaras
Mike Shuff,Online - May '21,Kyle Tseng,KyleHere
Mike Shuff,Online - April '21,John Wanis,Jomix-13
Mike Shuff,Online - April '21,Cristhian Morales,crisMtech95
Mike Shuff,Online - April '21,Ji Kyung,ji-k
Mike Shuff,Online - January '21,Nursultan Asanov,nasanov
Mike Shuff,Online - January '21,John Diffey,Marshall-Diffey
Mike Shuff,Online - April '21,Jonathan Borja,jborja-one
Mike Shuff,Online - April '21,Joon Yong Chang,88joonyc
Mike Shuff,Online - January '21,Michael Kelly,mkellydevv
Mike Shuff,Online - January '21,Jonathan Chan,Jc-008
Mike Shuff,Online - June 1 '21,Kwong Yeung Chiu,grantc00
Ricky Zheng,NYC - August '21,Daniel Bradley,87danielbradley
Ricky Zheng,NYC - August '21,Matthew Swedin,mattswedin
Ricky Zheng,NYC - August '21,Subin Cho,subinc1633
Ricky Zheng,NYC - August '21,Michelle Addai,mickeysaddai
Ricky Zheng,NYC - August '21,Tyler Koh,tkoh13
Ricky Zheng,NYC - August '21,Albert Kim,rlachivirus
Ricky Zheng,NYC - June '21,Oussama Elarabi,OussamaElar
Ricky Zheng,NYC - August '21,Pasan Dharmasena,Arebiter
Ricky Zheng,NYC - June '21,Christopher Chung,ccy1563
Ricky Zheng,NYC - August '21,Sohee Park,parks14
Ricky Zheng,NYC - June '21,Sunny Mei,sunmeiappprep
Ricky Zheng,NYC - June '21,Jonathan Wong,jay5375
Ricky Zheng,NYC - October '21,Andy Yu,AndyAYu
Ricky Zheng,NYC - October '21,Marco Countryman,marcocountryman
Ricky Zheng,NYC - October '21,Sonja Ng,sonja-ng
Ricky Zheng,NYC - October '21,Anna Trott-Herdrich,AnnaYTH
Ricky Zheng,NYC - October '21,Tashi Sangpo,tasangpo
Ricky Zheng,NYC - October '21,Anuj Gupta,apgupta3091
Ricky Zheng,NYC - October '21,Jason Chu,Jasonchu94
Ricky Zheng,NYC - October '21,Christian Lee,leech92
Sami Ellaboudy,SF - July '20,Christopher Lee,cjbreezey
Sami Ellaboudy,SF - May '21,Canberk Varli,canberkvarli
Sami Ellaboudy,SF - May '21,Jaycee Magpusao,JayceeMagpusao
Sami Ellaboudy,SF - May '21,John Angcla,jangcla
Sami Ellaboudy,SF - January '21,Reginald Dunlap,flatout007
Sami Ellaboudy,NYC - February '21,Abir Mahamud,Abir-Al-Mahamud
Sami Ellaboudy,SF - January '21,Lamar Poole,LamarP
Sami Ellaboudy,SF - November '20,Reed Haubenstock,rhaubenstock
Sami Ellaboudy,SF - September '20,Lawrence Nguyen,SilentNN
Sami Ellaboudy,SF - November '20,Itai Farhi,per-pro
Sami Ellaboudy,SF - October '19,Prescott Carlson,Prescottiec
Sami Ellaboudy,SF - March '21,Guocong Pan,ryan031391
Sami Ellaboudy,SF - March '21,Patrick Schramm,patschramm
Sami Ellaboudy,SF - May '21,Zamin Kugshia,zaminku
Sami Ellaboudy,SF - August '21,Tyler Harper,tharpercp
Sami Ellaboudy,SF - August '21,Cal Brown,cBrownSF
Sami Ellaboudy,SF - August '21,Andrew Roellig,aroellig
Sami Ellaboudy,SF - August '21,Jacky Chen,jackychen6825
Sami Ellaboudy,SF - August '21,Ry Mercado,rytmercado
Sami Ellaboudy,SF - August '21,Wesley Cheung,wesleycheungg
Sami Ellaboudy,SF - August '21,Malachi Coberley,MalachiCoberley
Sami Ellaboudy,SF - August '21,Owen Winzeler,woahwinzeler
Sami Ellaboudy,SF - August '21,Anusha Tuladhar,dreamdivine
Sami Ellaboudy,SF - August '21,David Chan,dchaan
Sami Ellaboudy,SF - August '21,Robert Tetrault,RobertT122
Sami Ellaboudy,SF - August '21,Katherine Wu,kw-8
Sami Ellaboudy,SF - August '21,Liam Williams,Williamsliam23
Sarah Sedeak,NYC - May '20,Hyun-A Lee,hyunalee625
Sarah Sedeak,SF - June '20,Henry Han,henryhannn
Sarah Sedeak,SF - May '21,Patrick Campbell,pcampbell42
Sarah Sedeak,SF - May '21,Annie Yang,annieyang1993
Sarah Sedeak,SF - September '20,Oliver Lopez,oli223lopez
Sarah Sedeak,SF - December '19,Nicholas Cheung,cowfish813
Sarah Sedeak,SF - April '20,Andrew Chen,AChen414
Sarah Sedeak,SF - June '20,Sean Scott,seanscott23
Sarah Sedeak,SF - February '20,Glen Park,glenpark00
Sarah Sedeak,SF - April '20,Matthew Tolentin,Mtolentin
Sarah Sedeak,SF - May '21,Yuemin Tang,shirleytang0121
Sarah Sedeak,SF - August '21,Emily Bell,ecbell
Sarah Sedeak,SF - August '21,Abraham Isahi Fong Silva,abisfong
Sarah Sedeak,SF - August '21,Jamie An,HowDidIGitHere
Sarah Sedeak,SF - August '21,Jeffrey Shin,jshin720
Sarah Sedeak,SF - August '21,Alex Lolas,alexlolas
Sarah Sedeak,SF - August '21,Kent Hiroi,kenthiroi
Sarah Sedeak,SF - August '21,Nick Raff,NRaff
Sarah Sedeak,SF - August '21,Adrian Rothschild,darothmedia
Sarah Sedeak,SF - August '21,Matthew Pettenato,mattpettenato
Sarah Sedeak,SF - August '21,Hendrick Ramos,HendrickSimonR
Sarah Sedeak,SF - August '21,Christopher Cheasty,cjc473
Sarah Sedeak,SF - August '21,Nicole Tademaru,nicoletademaru
Sarah Sedeak,SF - August '21,Kenny Cheng,kcheng16
Sarah Sedeak,SF - August '21,Jan Daniel Fermin,JD-Fermin
Taryn Asbury,Online - August '21,Joseph Yang,josephjyang
Taryn Asbury,Online - February '20,Douglas Ryu,douglasryu
Taryn Asbury,Online - May '21,Curtis Bridge,C-Bridge17
Taryn Asbury,Online - September '21,Matthew Satterwhite,MatthewSatt
Taryn Asbury,Online - September '21,Minu Kim,minuminukim
Taryn Asbury,Online - September '21,William Duffy,w-duffy
Taryn Asbury,Online - January '21,Noor Hoque,Skulllady
Taryn Asbury,Online - June 1 '21,Eric Quan,equan1090
Taryn Asbury,Online - August '21,Fady El Mallakh,Felmallakh
Taryn Asbury,Online - June 1 '21,Trevin Woods,Woods-Trevin
Taryn Asbury,Online - July '19,Raymond Leung,ray-leun1
Taryn Asbury,Online - June 1 '21,Basel Hassan,BaselHassan8
Taryn Asbury,Online - June 1 '21,Vazha Chiaberashvili,Vazhac
Taryn Asbury,Online - May '19,Felipe Soto,reynier25
Taryn Asbury,Online - September '21,Kielvin Bariso,KBariso
Taryn Asbury,Online - September '21,Roger Silva,rogdylan98
Taryn Asbury,Online - September '21,Steve Correa,scorrea310
Taryn Asbury,Online - March '21,Ananya Hans,ahans1607
Taryn Asbury,Online - January '20,Sean Mclaughlan,smclaughlan
Taryn Asbury,Online - June 1 '21,Darren Via Ii,aivnerrad
Taryn Asbury,Online - December '19,Gustavo Gutierrez,guticode04
Taryn Asbury,Online - September '21,Eric Cortez,Eric-Cortez
Taryn Asbury,Online - September '21,Nathaniel Tseng,ntseng
Taryn Asbury,Online - June 1 '21,Alwyn Grant,AlwynGrant
Taryn Asbury,Online - June 1 '21,Josue Lugaro,JosueLugaro
Taryn Asbury,Online - September '21,Zhen Yu,zyusnow
Taryn Asbury,Online - September '21,Suhayl Khan,SuhaylKhan
Taryn Asbury,Online - August '21,Dylan Welzel,DylanWelzel
Taryn Asbury,Online - September '21,Maxim Grigg,mtgrigg
Taryn Asbury,Online - March '21,Anthony Martin,anthonym313
Taryn Asbury,Online - September '21,Vivian Thach,bobaguardian
Taryn Asbury,Online - June 28 '21,Wei-Yang Lin,wylin94
Taryn Asbury,Online - June 28 '21,Lakshmi Priya Prakash,LakshmiPriyaPrakash
Taryn Asbury,Online - June 28 '21,Ann Donnelly,anndonnelly
Taryn Asbury,Online - August '21,Jay Spencer,jas0123uah
Taryn Asbury,Online - August '21,Nawal Ahmed,NawalJAhmed
Taryn Asbury,Online - September '21,Nik Tyler,nikblvck
Taryn Asbury,Online - September '21,Savanah Trewman,strewm
Tyna William,Online - October '20,Steven Howard,austin-from-tx
Tyna William,Online - December '20,Troy Dawson,TroyD9241
Tyna William,Online - September '20,Chris Read,rcreadii
Tyna William,Online - October '20,Brandon Parsons,bparsons17
Tyna William,Online - September '20,Desmond Adkins,dezadkins
Tyna William,Online - June 28 '21,Huan Ai,Huan4Ai
